<?xml version="1.0" encoding="UTF-8"?>
<project-private xmlns="http://www.netbeans.org/ns/project-private/1">
    <editor-bookmarks xmlns="http://www.netbeans.org/ns/editor-bookmarks/2" lastBookmarkId="0"/>
    <open-files xmlns="http://www.netbeans.org/ns/projectui-open-files/2">
        <group>
            <file>file:/C:/Users/USER/Documents/NetBeansProjects/Program/HouseManagementSystem/src/Payment.java</file>
            <file>file:/C:/Users/USER/Documents/NetBeansProjects/Program/HouseManagementSystem/src/ListOfTenents.java</file>
            <file>file:/C:/Users/USER/Documents/NetBeansProjects/Program/HouseManagementSystem/src/NewTenant.java</file>
            <file>file:/C:/Users/USER/Documents/NetBeansProjects/Program/HouseManagementSystem/src/home.java</file>
            <file>file:/C:/Users/USER/Documents/NetBeansProjects/Program/HouseManagementSystem/src/login.java</file>
            <file>file:/C:/Users/USER/Documents/NetBeansProjects/Program/HouseManagementSystem/build/classes/ListOfTenents.form</file>
            <file>file:/C:/Users/USER/Documents/NetBeansProjects/Program/HouseManagementSystem/src/UpdateDeleteTenant.java</file>
            <file>file:/C:/Users/USER/Documents/NetBeansProjects/Program/HouseManagementSystem/src/housemanagementsystem/HouseManagementSystem.java</file>
        </group>
    </open-files>
</project-private>
